index	prediction
0	3.693
1	3.707
2	3.695
3	3.417
4	3.418
5	2.850
6	3.631
7	3.336
8	3.165
9	3.063
10	3.063
11	3.799
12	2.015
13	3.100
14	2.911
15	3.024
16	2.752
17	3.169
18	3.114
19	1.638
20	2.723
21	1.845
22	3.322
23	3.586
24	2.454
25	3.430
26	2.304
27	2.152
28	2.750
29	3.410
30	2.705
31	3.383
32	2.249
33	3.220
34	2.718
35	1.597
36	2.395
37	2.956
38	3.272
39	2.144
40	2.949
41	2.972
42	3.178
43	1.747
44	2.393
45	2.301
46	1.972
47	2.358
48	2.519
49	2.255
50	2.159
51	3.360
52	1.692
53	1.838
54	2.963
55	2.027
56	2.774
57	1.926
58	3.332
59	2.787
60	4.307
61	2.178
62	2.302
63	1.749
64	3.181
65	2.036
66	1.819
67	3.204
68	1.816
69	3.198
70	2.393
71	3.055
72	1.826
73	2.756
74	3.105
75	1.599
76	2.489
77	1.591
78	2.354
79	3.215
80	1.847
81	2.180
82	2.265
83	2.514
84	1.963
85	2.375
86	2.867
87	2.970
88	3.206
89	2.668
90	2.720
91	2.738
92	1.988
93	2.766
94	2.789
95	3.654
96	2.918
97	2.487
98	2.397
99	2.218
100	1.734
101	2.219
102	2.429
103	3.005
104	2.478
105	2.251
106	1.700
107	1.826
108	2.219
109	2.945
110	3.613
111	2.278
112	3.112
113	2.944
114	1.962
115	1.981
116	3.565
117	2.660
118	2.180
119	2.395
120	2.646
121	2.368
122	2.009
123	2.354
124	1.756
125	4.016
126	2.231
127	3.043
128	2.933
129	3.129
130	3.549
131	3.326
132	2.878
133	3.805
134	3.520
135	3.194
136	4.029
137	3.416
138	2.910
139	3.711
140	3.800
141	3.509
142	2.947
143	3.691
144	2.640
145	3.324
146	2.991
147	3.162
148	3.090
149	2.268
150	3.316
151	2.683
152	3.192
153	3.169
154	3.361
155	3.669
156	2.693
157	3.306
158	3.706
159	2.591
160	3.872
161	3.141
162	2.267
163	3.179
164	3.443
165	3.537
166	3.227
167	2.691
168	3.020
169	3.149
170	3.292
171	2.265
172	3.563
173	2.821
174	2.976
175	3.187
176	3.339
177	3.124
178	2.285
179	1.912
180	1.912
181	3.357
182	3.127
183	1.495
184	2.868
185	2.428
186	1.820
187	2.310
188	2.937
189	1.464
190	2.869
191	3.280
192	2.861
193	2.963
194	3.545
195	2.638
196	3.274
197	2.211
198	1.305
199	2.731
200	1.718
201	1.674
202	2.684
203	1.482
204	2.298
205	2.322
206	2.622
207	2.118
208	2.940
209	3.046
210	1.992
211	2.435
212	2.256
213	1.782
214	2.782
215	1.987
216	2.519
217	2.962
218	2.395
219	2.294
220	1.944
221	1.799
222	1.873
223	2.568
224	1.411
225	1.309
226	2.374
227	2.701
228	1.601
229	2.176
230	1.551
231	1.581
232	3.111
233	3.063
234	2.721
235	3.377
236	2.336
237	2.118
238	2.096
239	1.389
240	2.217
241	1.595
242	1.675
243	1.796
244	2.870
245	1.608
246	2.679
247	2.173
248	1.771
249	2.179
250	2.932
251	3.542
252	3.275
253	2.067
254	2.302
255	2.685
256	2.602
257	3.230
258	2.560
259	2.503
260	3.640
261	3.301
262	3.100
263	3.718
264	2.963
265	2.308
266	2.699
267	2.819
268	2.875
269	3.746
270	3.127
271	1.932
272	2.617
273	3.714
274	3.472
275	3.553
276	1.736
277	1.913
278	3.364
279	2.965
280	2.688
281	2.403
282	2.739
283	3.156
284	2.987
285	3.339
286	3.084
287	2.458
288	3.254
289	3.178
290	3.804
291	2.107
292	2.645
293	3.997
294	2.307
295	2.503
296	2.725
297	3.400
298	2.864
299	2.999
300	3.944
301	2.838
302	2.862
303	3.324
304	3.135
305	3.300
306	3.398
307	2.651
308	3.518
309	2.832
310	2.870
311	1.756
312	2.606
313	2.905
314	2.878
315	3.414
316	2.965
317	2.887
318	2.623
319	2.120
320	3.162
321	3.081
322	3.496
323	2.462
324	3.696
325	2.068
326	2.966
327	3.599
328	2.968
329	3.475
330	4.305
331	3.168
332	3.566
333	2.989
334	2.131
335	2.787
336	3.050
337	3.582
338	2.438
339	2.346
340	3.459
341	4.178
342	3.422
343	3.000
344	2.848
345	1.939
346	2.958
347	2.295
348	3.112
349	2.094
350	2.812
351	3.934
352	3.333
353	2.717
354	3.315
355	2.672
356	2.086
357	3.514
358	1.862
359	3.239
360	4.122
361	3.707
362	2.815
363	2.560
364	3.035
365	2.549
366	3.423
367	2.914
368	3.631
369	3.685
370	3.357
371	4.092
372	1.611
373	2.908
374	2.258
375	2.944
376	2.208
377	1.904
378	2.944
379	2.368
380	3.853
381	3.149
382	2.774
383	2.615
384	2.345
385	3.322
386	3.581
387	2.294
388	3.114
389	2.606
390	3.851
391	2.620
392	2.257
393	2.757
394	3.348
395	2.561
396	2.769
397	4.079
398	2.995
399	2.515
400	2.517
401	3.181
402	2.999
403	2.614
404	2.818
405	3.479
406	2.154
407	2.790
408	2.700
409	2.822
410	3.087
411	3.396
412	2.741
413	3.586
414	2.305
415	3.425
416	2.861
417	4.009
418	3.357
419	3.730
420	3.555
421	2.457
422	3.995
423	2.394
424	3.437
425	2.587
426	1.595
427	4.045
428	2.972
429	3.673
430	2.448
431	4.126
432	1.954
433	3.561
434	2.455
435	3.078
436	2.609
437	4.012
438	3.337
439	3.247
440	3.691
441	2.596
442	1.939
443	2.787
444	2.922
445	1.594
446	2.754
447	2.936
448	2.088
449	2.180
450	3.425
451	2.700
452	2.554
453	1.752
454	3.622
455	2.087
456	2.610
457	3.506
458	2.056
459	2.596
460	1.989
461	1.934
462	2.070
463	3.133
464	3.125
465	3.605
466	2.952
467	3.774
468	3.898
469	2.390
470	2.890
471	2.869
472	3.466
473	3.413
474	2.522
475	2.822
476	2.832
477	2.928
478	2.851
479	2.154
480	3.015
481	2.547
482	3.173
483	2.374
484	3.581
485	1.872
486	3.124
487	3.595
488	2.663
489	3.457
490	4.147
491	3.676
492	3.006
493	2.968
494	2.062
495	3.097
496	1.730
497	2.907
498	2.754
499	4.059
500	3.358
501	2.836
502	2.533
503	3.797
504	3.133
505	3.715
506	3.334
507	2.823
508	3.399
509	2.650
510	2.311
511	2.959
512	3.652
513	3.007
514	3.769
515	2.697
516	3.210
517	2.867
518	2.431
519	3.337
520	3.233
521	3.038
522	2.942
523	2.704
524	3.498
525	3.278
526	3.380
527	2.492
528	3.557
529	2.826
530	3.028
531	2.670
532	2.624
533	2.369
534	3.046
535	2.590
536	2.657
537	2.928
538	3.055
539	2.585
540	4.413
541	2.443
542	3.687
543	2.902
544	3.300
545	3.902
546	2.475
547	3.301
548	3.703
549	3.828
550	3.379
551	3.018
552	3.111
553	3.540
554	2.660
555	3.527
556	2.939
557	2.589
558	3.454
559	2.846
560	3.842
561	2.051
562	2.510
563	3.563
564	2.884
565	2.507
566	3.705
567	2.962
568	2.418
569	3.992
570	3.623
571	3.360
572	2.182
573	3.329
574	3.466
575	3.838
576	3.969
577	2.885
578	3.238
579	2.924
580	2.778
581	4.091
582	3.404
583	2.784
584	2.942
585	2.552
586	1.744
587	3.776
588	3.349
589	3.391
590	2.459
591	2.619
592	3.866
593	3.034
594	2.015
595	3.221
596	3.418
597	1.961
598	2.653
599	3.695
600	3.062
601	2.658
602	3.351
603	3.803
604	3.480
605	3.000
606	4.001
607	3.238
608	3.614
609	3.654
610	4.200
611	3.378
612	3.281
613	2.677
614	3.306
615	3.504
616	3.093
617	2.836
618	2.828
619	3.877
620	3.155
621	3.461
622	1.835
623	3.955
624	3.093
625	3.417
626	3.015
627	2.727
628	3.238
629	3.464
630	3.320
631	4.084
632	3.557
633	3.785
634	3.123
635	2.729
636	3.166
637	3.064
638	3.534
639	4.014
640	2.975
641	3.403
642	2.913
643	2.997
644	3.313
645	3.178
646	2.630
647	3.693
648	3.466
649	2.962
650	2.481
651	3.159
652	3.374
653	3.124
654	2.721
655	4.056
656	3.609
657	4.124
658	2.922
659	2.765
660	3.295
661	2.891
662	2.613
663	3.510
664	3.485
665	3.325
666	3.233
667	2.666
668	3.797
669	2.929
670	3.282
671	3.434
672	3.057
673	3.646
674	4.205
675	2.471
676	3.049
677	2.999
678	3.283
679	2.003
680	3.497
681	3.419
682	3.247
683	3.047
684	2.770
685	2.794
686	3.710
687	1.969
688	2.870
689	3.730
690	3.155
691	3.003
692	3.942
693	3.238
694	3.173
695	3.187
696	3.531
697	3.665
698	3.317
699	2.954
700	2.806
701	2.710
702	3.788
703	3.840
704	3.279
705	3.008
706	3.109
707	3.290
708	3.619
709	3.219
710	3.869
711	3.232
712	2.919
713	3.134
714	3.467
715	2.725
716	3.503
717	4.228
718	2.783
719	2.110
720	3.620
721	3.494
722	3.172
723	2.189
724	3.461
725	2.269
726	2.905
727	3.672
728	3.363
729	3.323
730	2.946
731	3.202
732	3.674
733	2.795
734	3.819
735	3.710
736	3.629
737	4.230
738	3.197
739	3.450
740	3.811
741	3.288
742	3.776
743	3.466
744	3.562
745	2.976
746	3.279
747	2.532
748	3.820
749	3.156
750	2.848
751	3.399
752	3.317
753	2.921
754	3.323
755	4.044
756	3.209
757	2.872
758	3.489
759	4.087
760	3.517
761	2.310
762	2.605
763	2.535
764	3.497
765	3.075
766	3.308
767	2.877
768	3.289
769	3.013
770	2.608
771	2.998
772	3.124
773	2.931
774	3.288
775	3.427
776	3.209
777	3.684
778	2.482
779	3.919
780	2.792
781	3.378
782	4.087
783	3.304
784	3.649
785	3.000
786	3.043
787	3.598
788	3.598
789	3.710
790	2.171
791	3.376
792	3.282
793	2.747
794	3.624
795	3.297
796	3.130
797	3.003
798	2.607
799	2.452
800	3.446
801	2.902
802	2.573
803	2.777
804	2.612
805	4.071
806	3.429
807	3.353
808	3.607
809	3.374
810	3.651
811	3.767
812	2.716
813	3.739
814	3.670
815	2.344
816	3.242
817	3.709
818	3.356
819	3.052
820	2.726
821	3.440
822	2.684
823	3.672
824	3.696
825	4.196
826	3.176
827	3.250
828	3.090
829	3.802
830	3.600
831	2.216
832	3.527
833	3.148
834	3.288
835	3.206
836	3.141
837	3.501
838	3.664
839	3.769
840	3.148
841	4.106
842	3.374
843	2.742
844	3.900
845	2.941
846	3.749
847	2.866
848	2.953
849	3.908
850	3.345
851	3.085
852	4.237
853	3.395
854	3.991
855	3.414
856	2.134
857	2.878
858	3.431
859	3.235
860	3.833
861	2.990
862	3.347
863	2.544
864	2.555
865	3.535
866	2.916
867	2.869
868	2.913
869	3.881
870	3.547
871	3.087
872	3.518
873	3.344
874	2.349
875	3.564
876	2.871
877	3.293
878	3.649
879	2.399
880	3.595
881	3.005
882	2.696
883	3.668
884	2.846
885	3.459
886	3.121
887	3.421
888	3.273
889	3.315
890	3.200
891	3.342
892	3.079
893	3.259
894	3.477
895	3.281
896	3.031
897	2.804
898	2.906
899	3.210
900	3.557
901	3.600
902	2.544
903	3.116
904	3.737
905	2.952
906	2.444
907	3.193
908	3.274
909	3.246
910	3.187
911	3.249
912	2.545
913	3.108
914	3.334
915	3.909
916	3.468
917	3.308
918	3.486
919	3.136
920	2.640
921	3.218
922	3.465
923	3.303
924	3.743
925	2.979
926	2.465
927	2.680
928	2.993
929	2.797
930	3.309
931	3.482
932	3.199
933	3.104
934	2.569
935	2.698
936	2.513
937	3.316
938	3.040
939	3.259
940	3.345
941	3.082
942	3.080
943	2.997
944	2.683
945	3.379
946	3.237
947	2.875
948	3.323
949	3.065
950	3.536
951	2.990
952	3.324
953	2.514
954	3.333
955	2.841
956	3.318
957	2.679
958	3.768
959	3.450
960	3.440
961	3.436
962	3.528
963	3.007
964	2.370
965	3.342
966	3.249
967	3.562
968	3.507
969	2.487
970	3.075
971	3.306
972	2.887
973	3.308
974	3.278
975	3.033
976	3.318
977	3.648
978	3.219
979	3.457
980	3.237
981	3.611
982	3.437
983	2.472
984	3.317
985	3.153
986	3.530
987	3.274
988	3.222
989	3.448
990	3.725
991	3.006
992	3.457
993	3.276
994	2.935
995	3.241
996	2.978
997	3.182
998	2.261
999	3.414
1000	3.254
1001	2.460
1002	2.903
1003	3.356
1004	2.927
1005	3.059
1006	3.331
1007	3.162
1008	2.606
1009	3.044
1010	3.239
1011	3.047
1012	3.500
1013	3.333
1014	2.794
1015	2.755
1016	2.981
1017	3.201
1018	3.873
1019	3.410
1020	3.455
1021	2.955
1022	3.411
1023	3.281
1024	3.384
1025	2.722
1026	3.423
1027	2.907
1028	3.622
1029	2.471
1030	3.014
1031	3.899
1032	3.373
1033	3.029
1034	3.774
1035	3.025
1036	3.521
1037	3.526
1038	3.413
1039	3.705
1040	3.338
1041	3.042
1042	3.329
1043	2.888
1044	3.302
1045	2.374
1046	2.924
1047	3.565
1048	3.520
1049	3.279
1050	3.387
1051	3.619
1052	3.295
1053	2.996
1054	3.310
1055	3.508
1056	3.402
1057	3.617
1058	3.274
1059	3.306
1060	3.243
1061	3.405
1062	3.416
1063	3.221
1064	3.189
1065	2.846
1066	3.348
1067	3.331
1068	2.948
1069	3.567
1070	3.970
1071	3.019
1072	3.052
1073	1.952
1074	2.627
1075	3.162
1076	3.103
1077	3.406
1078	3.146
1079	2.798
1080	2.781
1081	3.862
1082	2.997
1083	2.144
1084	2.962
1085	3.369
1086	3.186
1087	2.422
1088	2.378
1089	3.434
1090	2.878
1091	3.623
1092	3.787
1093	3.377
1094	3.285
1095	3.036
1096	3.302
1097	3.240
1098	2.694
1099	2.833
1100	2.474
1101	2.940
1102	3.249
1103	3.447
1104	3.569
1105	3.169
1106	3.254
1107	3.085
1108	2.849
1109	3.636
1110	2.029
1111	3.469
1112	3.372
1113	3.598
1114	3.171
1115	3.460
1116	3.401
1117	3.310
1118	2.936
1119	3.414
1120	3.022
1121	2.403
1122	3.613
1123	3.461
1124	3.356
1125	3.386
1126	3.297
1127	3.291
1128	3.146
1129	3.117
1130	2.432
1131	3.351
1132	3.090
1133	1.432
1134	2.362
1135	2.568
1136	2.895
1137	2.644
1138	2.277
1139	3.824
1140	1.488
1141	1.855
1142	2.390
1143	3.312
1144	2.927
1145	2.930
1146	2.119
1147	2.521
1148	3.188
1149	3.681
1150	1.273
1151	1.036
1152	4.854
1153	3.952
1154	4.480
1155	3.058
1156	2.189
1157	1.602
1158	3.240
1159	2.256
1160	3.337
1161	3.080
1162	2.128
1163	3.761
1164	3.314
1165	1.491
1166	2.798
1167	2.704
1168	3.316
1169	1.963
1170	2.979
1171	4.096
1172	1.851
1173	3.419
1174	1.391
1175	1.638
1176	2.679
1177	3.795
1178	3.977
1179	2.359
1180	1.869
1181	3.064
1182	3.838
1183	2.466
1184	2.303
1185	3.041
1186	4.142
1187	3.199
1188	2.712
1189	3.012
1190	2.720
1191	4.300
1192	3.224
1193	1.950
1194	1.509
1195	4.519
1196	3.132
1197	3.203
1198	3.375
1199	3.541
1200	2.315
1201	2.812
1202	2.152
1203	3.430
1204	3.771
1205	2.332
1206	3.772
1207	1.934
1208	3.754
1209	2.423
1210	2.262
1211	3.769
1212	3.269
1213	2.449
1214	3.743
1215	3.503
1216	2.807
1217	3.121
1218	2.017
1219	1.571
1220	1.783
1221	2.104
1222	3.896
1223	2.886
1224	2.740
1225	1.797
1226	3.196
1227	3.451
1228	3.186
1229	2.706
1230	3.714
1231	3.196
1232	2.534
1233	4.183
1234	2.834
1235	2.682
1236	3.824
1237	2.538
1238	3.752
1239	2.773
1240	2.640
1241	3.871
1242	3.220
1243	2.667
1244	1.215
1245	4.071
1246	3.398
1247	1.811
1248	1.516
1249	3.204
1250	3.325
1251	3.762
1252	3.366
1253	3.532
1254	1.720
1255	3.557
1256	2.104
1257	4.020
1258	2.723
1259	3.811
1260	2.244
1261	1.846
1262	3.409
1263	3.154
1264	2.263
1265	3.220
1266	3.123
1267	2.484
1268	3.006
1269	2.281
1270	2.613
1271	2.636
1272	2.632
1273	2.037
1274	2.154
1275	2.541
1276	2.242
1277	3.909
1278	1.863
1279	3.796
1280	1.131
1281	1.191
1282	2.462
1283	3.333
1284	2.483
1285	4.395
1286	3.519
1287	1.716
1288	1.819
1289	3.015
1290	3.043
1291	1.930
1292	2.113
1293	2.759
1294	2.567
1295	1.411
1296	3.391
1297	2.201
1298	1.496
1299	2.488
1300	2.820
1301	2.916
1302	3.226
1303	2.729
1304	2.712
1305	2.228
1306	2.108
1307	1.451
1308	2.262
1309	2.332
1310	1.809
1311	3.554
1312	1.886
1313	2.789
1314	2.104
1315	3.577
1316	3.948
1317	3.105
1318	3.647
1319	1.590
1320	4.114
1321	2.252
1322	3.335
1323	2.427
1324	3.562
1325	3.759
1326	3.984
1327	2.183
1328	2.003
1329	3.515
1330	3.312
1331	3.530
1332	2.181
1333	3.877
1334	2.792
1335	2.914
1336	4.012
1337	2.679
1338	2.090
1339	2.861
1340	2.590
1341	4.008
1342	1.843
1343	2.492
1344	2.070
1345	4.520
1346	3.337
1347	3.788
1348	4.535
1349	2.901
1350	4.782
1351	4.016
1352	3.956
1353	4.406
1354	3.238
1355	2.123
1356	3.247
1357	3.135
1358	2.883
1359	2.171
1360	1.861
1361	3.086
1362	1.300
1363	2.334
1364	3.371
1365	2.605
1366	2.174
1367	3.158
1368	1.888
1369	2.852
1370	2.384
1371	1.777
1372	1.894
1373	2.512
1374	1.958
1375	1.931
1376	1.804
1377	1.478
1378	2.175
